customer_id,cohort,acquisition_date,order_date,order_amount
1,2025-07,2025-07-11,2025-07-11,37.52
1,2025-07,2025-07-11,2025-07-15,20.07
1,2025-07,2025-07-11,2025-07-23,43.37
2,2025-07,2025-07-21,2025-07-21,35.08
3,2025-07,2025-07-02,2025-07-02,14.94
4,2025-07,2025-07-03,2025-07-03,69.22
4,2025-07,2025-07-03,2025-07-29,51.31
5,2025-07,2025-07-18,2025-07-18,26.1
5,2025-07,2025-07-18,2025-07-21,51.03
6,2025-07,2025-07-12,2025-07-12,54.83
6,2025-07,2025-07-12,2025-07-30,50.27
7,2025-07,2025-07-02,2025-07-02,78.79
8,2025-07,2025-07-30,2025-07-30,6.68
8,2025-07,2025-07-30,2025-08-05,11.08
8,2025-07,2025-07-30,2025-08-15,9.29
9,2025-07,2025-07-02,2025-07-02,26.76
9,2025-07,2025-07-02,2025-07-04,11.8
9,2025-07,2025-07-02,2025-07-15,41.99
10,2025-07,2025-07-14,2025-07-14,12.31
10,2025-07,2025-07-14,2025-07-16,21.23
10,2025-07,2025-07-14,2025-07-21,12.96
11,2025-07,2025-07-03,2025-07-03,21.17
12,2025-07,2025-07-18,2025-07-18,33.73
13,2025-07,2025-07-14,2025-07-14,12.32
14,2025-07,2025-07-02,2025-07-02,21.04
14,2025-07,2025-07-02,2025-11-25,13.79
14,2025-07,2025-07-02,2025-12-17,32.63
15,2025-07,2025-07-04,2025-07-04,31.25
15,2025-07,2025-07-04,2025-07-11,13.82
15,2025-07,2025-07-04,2025-07-22,18.86
15,2025-07,2025-07-04,2025-07-24,38.46
15,2025-07,2025-07-04,2025-07-24,36.84
16,2025-07,2025-07-31,2025-07-31,54.77
17,2025-07,2025-07-02,2025-07-02,18.77
17,2025-07,2025-07-02,2025-07-20,3.26
18,2025-07,2025-07-19,2025-07-19,22.71
18,2025-07,2025-07-19,2025-07-31,16.49
18,2025-07,2025-07-19,2025-08-19,31.63
18,2025-07,2025-07-19,2025-08-25,64.35
19,2025-07,2025-07-02,2025-07-02,37.63
20,2025-07,2025-07-18,2025-07-18,52.47
20,2025-07,2025-07-18,2025-07-22,65.5
20,2025-07,2025-07-18,2025-07-27,38.64
20,2025-07,2025-07-18,2025-08-14,99.31
21,2025-07,2025-07-14,2025-07-14,11.7
22,2025-07,2025-07-05,2025-07-05,25.99
23,2025-07,2025-07-18,2025-07-18,9.91
24,2025-07,2025-07-04,2025-07-04,13.33
24,2025-07,2025-07-04,2025-07-22,16.79
24,2025-07,2025-07-04,2025-08-12,14.41
24,2025-07,2025-07-04,2025-08-20,14.12
25,2025-07,2025-07-27,2025-07-27,10.22
25,2025-07,2025-07-27,2025-07-30,34.91
25,2025-07,2025-07-27,2025-08-01,9.7
25,2025-07,2025-07-27,2025-08-17,13.87
26,2025-07,2025-07-19,2025-07-19,19.78
27,2025-07,2025-07-19,2025-07-19,14.21
28,2025-07,2025-07-21,2025-07-21,9.45
28,2025-07,2025-07-21,2025-07-27,29.3
28,2025-07,2025-07-21,2025-08-01,20.99
29,2025-07,2025-07-04,2025-07-04,36.36
29,2025-07,2025-07-04,2025-07-21,24.7
30,2025-07,2025-07-23,2025-07-23,16.84
31,2025-07,2025-07-03,2025-07-03,41.06
32,2025-07,2025-07-19,2025-07-19,18.36
33,2025-07,2025-07-02,2025-07-02,26.17
34,2025-07,2025-07-20,2025-07-20,13.93
35,2025-07,2025-07-07,2025-07-07,2.59
36,2025-07,2025-07-16,2025-07-16,63.69
37,2025-07,2025-07-22,2025-07-22,11.98
38,2025-07,2025-07-18,2025-07-18,19.88
38,2025-07,2025-07-18,2025-07-31,23.84
38,2025-07,2025-07-18,2025-08-11,21.22
39,2025-07,2025-07-11,2025-07-11,44.97
40,2025-07,2025-07-15,2025-07-15,19.75
41,2025-07,2025-07-19,2025-07-19,15.71
41,2025-07,2025-07-19,2025-07-26,7.31
41,2025-07,2025-07-19,2025-07-28,4.01
41,2025-07,2025-07-19,2025-07-30,9.29
41,2025-07,2025-07-19,2025-08-02,8.07
41,2025-07,2025-07-19,2025-08-17,5.25
42,2025-07,2025-07-26,2025-07-26,7.16
42,2025-07,2025-07-26,2025-07-31,13.31
42,2025-07,2025-07-26,2025-08-17,4.94
43,2025-07,2025-07-25,2025-07-25,58.07
44,2025-07,2025-07-08,2025-07-08,99.3
45,2025-07,2025-07-03,2025-07-03,63.94
46,2025-07,2025-07-19,2025-07-19,30.48
47,2025-07,2025-07-10,2025-07-10,200.21
47,2025-07,2025-07-10,2025-07-26,64.87
48,2025-07,2025-07-16,2025-07-16,25.93
48,2025-07,2025-07-16,2025-07-26,42.9
48,2025-07,2025-07-16,2025-08-13,36.74
49,2025-07,2025-07-24,2025-07-24,48.62
49,2025-07,2025-07-24,2025-08-02,39.07
49,2025-07,2025-07-24,2025-08-07,63.41
50,2025-07,2025-07-20,2025-07-20,53.09
51,2025-08,2025-08-03,2025-08-03,30.69
51,2025-08,2025-08-03,2025-08-06,59.08
51,2025-08,2025-08-03,2025-08-19,66.47
52,2025-08,2025-08-14,2025-08-14,27.26
53,2025-08,2025-08-06,2025-08-06,31.48
53,2025-08,2025-08-06,2025-08-10,41.2
53,2025-08,2025-08-06,2025-08-16,18.46
53,2025-08,2025-08-06,2025-08-30,48.38
54,2025-08,2025-08-30,2025-08-30,14.15
55,2025-08,2025-08-16,2025-08-16,21.46
55,2025-08,2025-08-16,2025-08-17,16.96
55,2025-08,2025-08-16,2025-08-29,12.84
55,2025-08,2025-08-16,2025-09-06,9.98
56,2025-08,2025-08-03,2025-08-03,44.86
56,2025-08,2025-08-03,2025-09-26,17.52
57,2025-08,2025-08-18,2025-08-18,12.6
57,2025-08,2025-08-18,2025-09-05,15.43
58,2025-08,2025-08-26,2025-08-26,37.85
58,2025-08,2025-08-26,2025-09-23,22.32
59,2025-08,2025-08-27,2025-08-27,22.35
60,2025-08,2025-08-11,2025-08-11,38.67
60,2025-08,2025-08-11,2025-09-20,31.65
60,2025-08,2025-08-11,2025-10-02,32.37
61,2025-08,2025-08-12,2025-08-12,22.26
61,2025-08,2025-08-12,2025-08-27,58.26
61,2025-08,2025-08-12,2025-08-30,35.53
61,2025-08,2025-08-12,2025-08-31,23.17
61,2025-08,2025-08-12,2025-09-06,23.3
62,2025-08,2025-08-15,2025-08-15,60.15
63,2025-08,2025-08-03,2025-08-03,52.33
64,2025-08,2025-08-27,2025-08-27,20.78
65,2025-08,2025-08-03,2025-08-03,22.36
66,2025-08,2025-08-31,2025-08-31,36.74
66,2025-08,2025-08-31,2025-09-08,85.96
67,2025-08,2025-08-16,2025-08-16,12.23
68,2025-08,2025-08-23,2025-08-23,17.4
68,2025-08,2025-08-23,2025-09-13,17.51
69,2025-08,2025-08-03,2025-08-03,18.8
69,2025-08,2025-08-03,2025-09-03,33.74
70,2025-08,2025-08-24,2025-08-24,52.36
70,2025-08,2025-08-24,2025-09-02,44.98
70,2025-08,2025-08-24,2025-09-13,38.21
70,2025-08,2025-08-24,2025-09-15,80.66
70,2025-08,2025-08-24,2025-10-11,41.59
70,2025-08,2025-08-24,2025-11-13,50.88
70,2025-08,2025-08-24,2025-12-18,56.44
70,2025-08,2025-08-24,2025-12-31,80.21
70,2025-08,2025-08-24,2026-01-05,34.14
71,2025-08,2025-08-23,2025-08-23,47.81
72,2025-08,2025-08-13,2025-08-13,18.3
73,2025-08,2025-08-29,2025-08-29,37.87
73,2025-08,2025-08-29,2025-09-19,11.69
74,2025-08,2025-08-12,2025-08-12,22.61
75,2025-08,2025-08-01,2025-08-01,22.31
75,2025-08,2025-08-01,2025-08-06,13.03
75,2025-08,2025-08-01,2025-08-12,15.73
75,2025-08,2025-08-01,2025-08-15,14.79
76,2025-08,2025-08-20,2025-08-20,47.67
77,2025-08,2025-08-04,2025-08-04,8.69
78,2025-08,2025-08-16,2025-08-16,24.88
78,2025-08,2025-08-16,2025-08-17,30.67
79,2025-08,2025-08-07,2025-08-07,23.54
80,2025-08,2025-08-25,2025-08-25,26.78
80,2025-08,2025-08-25,2025-10-03,26.31
81,2025-08,2025-08-05,2025-08-05,37.13
81,2025-08,2025-08-05,2025-08-12,21.36
81,2025-08,2025-08-05,2025-08-17,32.76
81,2025-08,2025-08-05,2025-08-17,25.16
81,2025-08,2025-08-05,2025-08-28,19.18
82,2025-08,2025-08-30,2025-08-30,26.31
82,2025-08,2025-08-30,2025-09-26,60.62
83,2025-08,2025-08-16,2025-08-16,15.24
83,2025-08,2025-08-16,2025-09-17,22.14
84,2025-08,2025-08-06,2025-08-06,33.57
84,2025-08,2025-08-06,2025-08-18,37.38
84,2025-08,2025-08-06,2025-08-20,29.2
85,2025-08,2025-08-18,2025-08-18,18.45
85,2025-08,2025-08-18,2025-08-26,11.72
86,2025-08,2025-08-29,2025-08-29,28.65
86,2025-08,2025-08-29,2025-09-02,40.3
87,2025-08,2025-08-27,2025-08-27,36.5
87,2025-08,2025-08-27,2025-09-09,128.86
87,2025-08,2025-08-27,2025-09-13,112.39
87,2025-08,2025-08-27,2025-09-23,134.88
88,2025-08,2025-08-09,2025-08-09,47.65
89,2025-08,2025-08-23,2025-08-23,30.0
90,2025-08,2025-08-14,2025-08-14,43.02
90,2025-08,2025-08-14,2025-08-25,39.95
90,2025-08,2025-08-14,2025-09-04,55.11
91,2025-08,2025-08-29,2025-08-29,7.56
91,2025-08,2025-08-29,2025-10-05,16.53
91,2025-08,2025-08-29,2025-10-10,34.17
92,2025-08,2025-08-05,2025-08-05,18.79
93,2025-08,2025-08-03,2025-08-03,3.49
93,2025-08,2025-08-03,2025-08-08,16.11
94,2025-08,2025-08-05,2025-08-05,129.32
95,2025-08,2025-08-08,2025-08-08,9.69
95,2025-08,2025-08-08,2025-08-15,15.16
95,2025-08,2025-08-08,2025-08-29,27.58
96,2025-08,2025-08-01,2025-08-01,10.32
97,2025-08,2025-08-16,2025-08-16,28.41
98,2025-08,2025-08-27,2025-08-27,12.56
98,2025-08,2025-08-27,2025-09-01,5.71
98,2025-08,2025-08-27,2025-09-14,7.48
99,2025-08,2025-08-09,2025-08-09,9.88
99,2025-08,2025-08-09,2025-08-09,26.56
99,2025-08,2025-08-09,2025-08-13,35.85
99,2025-08,2025-08-09,2025-08-18,54.49
99,2025-08,2025-08-09,2025-08-22,24.23
99,2025-08,2025-08-09,2025-08-26,11.31
100,2025-08,2025-08-12,2025-08-12,15.04
100,2025-08,2025-08-12,2025-08-31,22.56
101,2025-09,2025-09-19,2025-09-19,64.61
101,2025-09,2025-09-19,2025-09-23,139.72
101,2025-09,2025-09-19,2025-09-29,147.29
101,2025-09,2025-09-19,2025-10-11,131.88
101,2025-09,2025-09-19,2025-10-16,97.13
102,2025-09,2025-09-17,2025-09-17,19.96
103,2025-09,2025-09-20,2025-09-20,11.64
104,2025-09,2025-09-21,2025-09-21,9.95
104,2025-09,2025-09-21,2025-09-22,8.16
104,2025-09,2025-09-21,2025-10-05,15.08
104,2025-09,2025-09-21,2025-10-12,15.81
104,2025-09,2025-09-21,2025-10-14,12.73
104,2025-09,2025-09-21,2025-10-19,8.83
105,2025-09,2025-09-28,2025-09-28,73.67
105,2025-09,2025-09-28,2025-10-19,83.14
105,2025-09,2025-09-28,2025-10-22,148.26
105,2025-09,2025-09-28,2025-10-25,52.07
105,2025-09,2025-09-28,2025-11-22,74.77
105,2025-09,2025-09-28,2026-01-08,64.12
105,2025-09,2025-09-28,2026-01-13,20.18
105,2025-09,2025-09-28,2026-02-07,53.97
105,2025-09,2025-09-28,2026-02-07,25.01
105,2025-09,2025-09-28,2026-02-07,60.78
106,2025-09,2025-09-04,2025-09-04,20.04
107,2025-09,2025-09-16,2025-09-16,23.15
107,2025-09,2025-09-16,2025-10-06,20.46
108,2025-09,2025-09-13,2025-09-13,46.47
108,2025-09,2025-09-13,2025-09-14,15.09
108,2025-09,2025-09-13,2025-10-15,18.04
108,2025-09,2025-09-13,2025-10-19,21.26
109,2025-09,2025-09-07,2025-09-07,43.61
110,2025-09,2025-09-15,2025-09-15,23.98
110,2025-09,2025-09-15,2025-09-20,59.92
111,2025-09,2025-09-04,2025-09-04,7.24
111,2025-09,2025-09-04,2025-09-14,12.48
111,2025-09,2025-09-04,2025-10-23,7.45
112,2025-09,2025-09-02,2025-09-02,31.35
113,2025-09,2025-09-04,2025-09-04,63.8
113,2025-09,2025-09-04,2025-09-04,53.47
114,2025-09,2025-09-19,2025-09-19,62.79
114,2025-09,2025-09-19,2025-11-22,32.68
115,2025-09,2025-09-18,2025-09-18,33.7
116,2025-09,2025-09-04,2025-09-04,11.44
116,2025-09,2025-09-04,2025-09-15,38.05
116,2025-09,2025-09-04,2025-10-23,14.59
117,2025-09,2025-09-01,2025-09-01,85.85
117,2025-09,2025-09-01,2025-09-03,90.58
118,2025-09,2025-09-28,2025-09-28,22.0
118,2025-09,2025-09-28,2025-10-04,7.02
119,2025-09,2025-09-20,2025-09-20,34.77
120,2025-09,2025-09-13,2025-09-13,39.88
120,2025-09,2025-09-13,2025-09-17,22.53
120,2025-09,2025-09-13,2025-10-03,11.82
120,2025-09,2025-09-13,2025-10-21,30.33
120,2025-09,2025-09-13,2025-10-24,42.28
120,2025-09,2025-09-13,2025-11-23,47.76
120,2025-09,2025-09-13,2025-12-01,26.79
121,2025-09,2025-09-16,2025-09-16,113.06
122,2025-09,2025-09-04,2025-09-04,30.05
122,2025-09,2025-09-04,2025-09-07,36.6
123,2025-09,2025-09-28,2025-09-28,54.19
123,2025-09,2025-09-28,2025-10-13,33.91
123,2025-09,2025-09-28,2025-11-11,15.52
124,2025-09,2025-09-16,2025-09-16,125.92
125,2025-09,2025-09-16,2025-09-16,32.29
125,2025-09,2025-09-16,2025-09-18,31.3
125,2025-09,2025-09-16,2025-09-20,74.25
125,2025-09,2025-09-16,2025-09-25,40.47
126,2025-09,2025-09-04,2025-09-04,64.2
126,2025-09,2025-09-04,2025-09-14,29.77
126,2025-09,2025-09-04,2025-09-27,52.03
127,2025-09,2025-09-24,2025-09-24,46.96
128,2025-09,2025-09-09,2025-09-09,53.56
129,2025-09,2025-09-16,2025-09-16,9.27
130,2025-09,2025-09-27,2025-09-27,30.26
131,2025-09,2025-09-23,2025-09-23,130.25
132,2025-09,2025-09-06,2025-09-06,52.62
133,2025-09,2025-09-17,2025-09-17,92.7
133,2025-09,2025-09-17,2025-09-17,77.78
133,2025-09,2025-09-17,2025-10-23,41.96
133,2025-09,2025-09-17,2025-12-02,55.45
134,2025-09,2025-09-12,2025-09-12,6.67
135,2025-09,2025-09-05,2025-09-05,32.35
135,2025-09,2025-09-05,2025-09-27,28.29
136,2025-09,2025-09-18,2025-09-18,28.59
136,2025-09,2025-09-18,2025-09-18,42.27
136,2025-09,2025-09-18,2025-10-17,43.25
137,2025-09,2025-09-25,2025-09-25,67.26
138,2025-09,2025-09-17,2025-09-17,59.19
139,2025-09,2025-09-10,2025-09-10,29.8
140,2025-09,2025-09-21,2025-09-21,9.89
140,2025-09,2025-09-21,2025-10-18,17.82
141,2025-09,2025-09-03,2025-09-03,45.58
142,2025-09,2025-09-23,2025-09-23,16.4
142,2025-09,2025-09-23,2025-10-20,16.9
143,2025-09,2025-09-09,2025-09-09,71.54
143,2025-09,2025-09-09,2025-09-20,72.21
143,2025-09,2025-09-09,2025-09-25,74.59
144,2025-09,2025-09-30,2025-09-30,11.56
145,2025-09,2025-09-06,2025-09-06,26.73
145,2025-09,2025-09-06,2025-10-13,14.81
145,2025-09,2025-09-06,2025-10-17,42.64
145,2025-09,2025-09-06,2025-10-30,31.92
146,2025-09,2025-09-18,2025-09-18,47.88
146,2025-09,2025-09-18,2025-10-05,26.52
146,2025-09,2025-09-18,2025-10-12,10.05
147,2025-09,2025-09-17,2025-09-17,7.27
147,2025-09,2025-09-17,2025-09-27,55.48
148,2025-09,2025-09-21,2025-09-21,10.69
148,2025-09,2025-09-21,2025-09-28,13.31
148,2025-09,2025-09-21,2025-10-10,46.13
148,2025-09,2025-09-21,2025-11-15,13.97
149,2025-09,2025-09-26,2025-09-26,39.03
149,2025-09,2025-09-26,2025-10-20,48.94
150,2025-09,2025-09-28,2025-09-28,34.32
150,2025-09,2025-09-28,2025-10-04,62.05
151,2025-10,2025-10-26,2025-10-26,27.36
152,2025-10,2025-10-08,2025-10-08,18.25
152,2025-10,2025-10-08,2025-11-03,16.8
152,2025-10,2025-10-08,2025-11-19,21.75
153,2025-10,2025-10-24,2025-10-24,3.11
153,2025-10,2025-10-24,2025-11-18,6.84
153,2025-10,2025-10-24,2025-11-29,6.24
153,2025-10,2025-10-24,2025-11-30,4.27
154,2025-10,2025-10-17,2025-10-17,67.11
154,2025-10,2025-10-17,2025-10-28,33.79
154,2025-10,2025-10-17,2025-11-01,12.66
154,2025-10,2025-10-17,2025-11-09,31.81
155,2025-10,2025-10-01,2025-10-01,48.53
155,2025-10,2025-10-01,2025-10-31,53.62
156,2025-10,2025-10-26,2025-10-26,33.41
156,2025-10,2025-10-26,2025-11-03,26.01
156,2025-10,2025-10-26,2025-11-10,24.95
157,2025-10,2025-10-09,2025-10-09,20.11
157,2025-10,2025-10-09,2025-10-15,35.92
158,2025-10,2025-10-23,2025-10-23,11.15
158,2025-10,2025-10-23,2025-11-03,20.88
158,2025-10,2025-10-23,2025-11-06,12.95
158,2025-10,2025-10-23,2025-11-11,17.42
159,2025-10,2025-10-26,2025-10-26,5.77
160,2025-10,2025-10-30,2025-10-30,15.4
161,2025-10,2025-10-24,2025-10-24,52.46
161,2025-10,2025-10-24,2025-11-04,55.58
161,2025-10,2025-10-24,2025-12-04,79.63
162,2025-10,2025-10-03,2025-10-03,37.62
162,2025-10,2025-10-03,2025-10-10,23.23
162,2025-10,2025-10-03,2025-11-05,38.11
163,2025-10,2025-10-08,2025-10-08,40.85
164,2025-10,2025-10-16,2025-10-16,113.11
164,2025-10,2025-10-16,2025-11-21,14.49
164,2025-10,2025-10-16,2025-11-21,44.06
164,2025-10,2025-10-16,2025-11-25,15.61
164,2025-10,2025-10-16,2025-11-30,85.58
164,2025-10,2025-10-16,2025-12-04,131.49
164,2025-10,2025-10-16,2025-12-13,47.6
164,2025-10,2025-10-16,2026-01-03,65.7
164,2025-10,2025-10-16,2026-01-10,71.02
164,2025-10,2025-10-16,2026-01-14,19.73
165,2025-10,2025-10-16,2025-10-16,24.49
165,2025-10,2025-10-16,2026-02-12,31.67
165,2025-10,2025-10-16,2026-03-05,15.54
166,2025-10,2025-10-12,2025-10-12,18.08
167,2025-10,2025-10-26,2025-10-26,55.34
167,2025-10,2025-10-26,2025-10-28,35.53
167,2025-10,2025-10-26,2025-11-15,25.18
167,2025-10,2025-10-26,2025-11-16,57.1
167,2025-10,2025-10-26,2025-11-21,18.18
167,2025-10,2025-10-26,2025-11-28,33.31
167,2025-10,2025-10-26,2025-12-24,44.09
168,2025-10,2025-10-13,2025-10-13,67.63
169,2025-10,2025-10-26,2025-10-26,39.98
169,2025-10,2025-10-26,2025-11-01,52.24
169,2025-10,2025-10-26,2025-11-17,14.89
169,2025-10,2025-10-26,2025-11-19,40.39
169,2025-10,2025-10-26,2025-12-10,43.28
170,2025-10,2025-10-29,2025-10-29,52.91
170,2025-10,2025-10-29,2025-11-03,45.46
170,2025-10,2025-10-29,2025-11-11,79.84
170,2025-10,2025-10-29,2025-11-23,52.8
171,2025-10,2025-10-21,2025-10-21,12.69
171,2025-10,2025-10-21,2025-10-23,29.65
171,2025-10,2025-10-21,2025-10-31,33.08
171,2025-10,2025-10-21,2025-11-13,16.98
171,2025-10,2025-10-21,2025-11-15,31.91
172,2025-10,2025-10-13,2025-10-13,27.91
172,2025-10,2025-10-13,2025-10-27,23.95
173,2025-10,2025-10-13,2025-10-13,15.84
173,2025-10,2025-10-13,2025-10-15,24.77
173,2025-10,2025-10-13,2025-10-18,43.57
173,2025-10,2025-10-13,2025-11-05,44.96
173,2025-10,2025-10-13,2025-11-05,26.33
174,2025-10,2025-10-06,2025-10-06,12.53
175,2025-10,2025-10-05,2025-10-05,21.9
175,2025-10,2025-10-05,2025-10-05,45.21
176,2025-10,2025-10-05,2025-10-05,41.57
177,2025-10,2025-10-19,2025-10-19,12.18
178,2025-10,2025-10-29,2025-10-29,67.52
178,2025-10,2025-10-29,2025-11-12,113.4
178,2025-10,2025-10-29,2025-11-18,38.95
178,2025-10,2025-10-29,2025-11-23,89.84
179,2025-10,2025-10-05,2025-10-05,17.97
180,2025-10,2025-10-20,2025-10-20,6.92
180,2025-10,2025-10-20,2025-11-08,7.94
180,2025-10,2025-10-20,2025-11-15,7.25
181,2025-10,2025-10-16,2025-10-16,20.05
181,2025-10,2025-10-16,2025-10-20,33.55
181,2025-10,2025-10-16,2025-10-27,32.57
181,2025-10,2025-10-16,2025-11-06,20.64
181,2025-10,2025-10-16,2025-11-14,10.63
182,2025-10,2025-10-18,2025-10-18,97.82
182,2025-10,2025-10-18,2025-11-04,50.71
182,2025-10,2025-10-18,2025-12-17,30.75
182,2025-10,2025-10-18,2025-12-21,14.59
183,2025-10,2025-10-01,2025-10-01,59.21
184,2025-10,2025-10-26,2025-10-26,15.22
185,2025-10,2025-10-24,2025-10-24,60.1
185,2025-10,2025-10-24,2025-11-13,72.82
186,2025-10,2025-10-04,2025-10-04,60.75
186,2025-10,2025-10-04,2025-11-19,88.91
187,2025-10,2025-10-24,2025-10-24,28.05
187,2025-10,2025-10-24,2025-10-28,75.43
187,2025-10,2025-10-24,2025-11-06,38.08
187,2025-10,2025-10-24,2025-11-22,35.3
187,2025-10,2025-10-24,2025-11-29,34.04
187,2025-10,2025-10-24,2025-12-20,61.83
188,2025-10,2025-10-27,2025-10-27,38.35
188,2025-10,2025-10-27,2025-11-23,26.91
188,2025-10,2025-10-27,2025-12-02,47.17
189,2025-10,2025-10-01,2025-10-01,26.0
189,2025-10,2025-10-01,2025-10-09,55.95
189,2025-10,2025-10-01,2025-11-06,64.71
189,2025-10,2025-10-01,2025-11-09,74.34
189,2025-10,2025-10-01,2025-11-16,66.83
189,2025-10,2025-10-01,2025-12-07,49.49
189,2025-10,2025-10-01,2025-12-24,95.52
190,2025-10,2025-10-19,2025-10-19,29.78
190,2025-10,2025-10-19,2025-10-27,21.05
190,2025-10,2025-10-19,2025-10-29,27.24
190,2025-10,2025-10-19,2025-12-05,55.81
190,2025-10,2025-10-19,2025-12-31,14.16
190,2025-10,2025-10-19,2026-01-21,20.15
190,2025-10,2025-10-19,2026-02-12,28.89
190,2025-10,2025-10-19,2026-02-17,31.48
190,2025-10,2025-10-19,2026-03-17,29.67
190,2025-10,2025-10-19,2026-03-29,8.17
190,2025-10,2025-10-19,2026-04-10,35.38
190,2025-10,2025-10-19,2026-04-15,14.28
190,2025-10,2025-10-19,2026-05-01,24.39
190,2025-10,2025-10-19,2026-05-08,36.95
191,2025-10,2025-10-19,2025-10-19,216.25
191,2025-10,2025-10-19,2025-11-14,81.13
191,2025-10,2025-10-19,2025-11-16,11.67
191,2025-10,2025-10-19,2025-12-04,70.52
191,2025-10,2025-10-19,2025-12-31,31.7
191,2025-10,2025-10-19,2026-02-12,57.74
192,2025-10,2025-10-30,2025-10-30,43.41
192,2025-10,2025-10-30,2025-12-15,30.47
192,2025-10,2025-10-30,2025-12-27,47.62
193,2025-10,2025-10-05,2025-10-05,15.62
194,2025-10,2025-10-18,2025-10-18,16.82
195,2025-10,2025-10-05,2025-10-05,20.03
195,2025-10,2025-10-05,2025-10-21,58.51
195,2025-10,2025-10-05,2025-10-21,80.83
196,2025-10,2025-10-01,2025-10-01,12.7
196,2025-10,2025-10-01,2025-11-14,18.14
196,2025-10,2025-10-01,2025-11-24,23.51
196,2025-10,2025-10-01,2025-11-27,16.19
197,2025-10,2025-10-06,2025-10-06,65.28
198,2025-10,2025-10-20,2025-10-20,29.54
198,2025-10,2025-10-20,2025-10-20,8.95
199,2025-10,2025-10-25,2025-10-25,43.41
199,2025-10,2025-10-25,2025-11-19,47.0
200,2025-10,2025-10-05,2025-10-05,19.41
201,2025-11,2025-11-06,2025-11-06,42.69
202,2025-11,2025-11-05,2025-11-05,30.22
203,2025-11,2025-11-16,2025-11-16,53.85
203,2025-11,2025-11-16,2025-12-05,46.19
204,2025-11,2025-11-24,2025-11-24,22.62
204,2025-11,2025-11-24,2025-11-27,16.0
205,2025-11,2025-11-18,2025-11-18,13.14
205,2025-11,2025-11-18,2025-11-19,15.83
205,2025-11,2025-11-18,2025-11-28,25.54
206,2025-11,2025-11-22,2025-11-22,12.3
207,2025-11,2025-11-17,2025-11-17,27.81
208,2025-11,2025-11-17,2025-11-17,19.44
209,2025-11,2025-11-18,2025-11-18,21.75
210,2025-11,2025-11-16,2025-11-16,121.67
210,2025-11,2025-11-16,2026-01-09,131.36
210,2025-11,2025-11-16,2026-01-10,187.67
211,2025-11,2025-11-04,2025-11-04,29.35
211,2025-11,2025-11-04,2025-11-05,19.72
211,2025-11,2025-11-04,2025-11-21,22.98
211,2025-11,2025-11-04,2025-12-02,34.61
211,2025-11,2025-11-04,2025-12-10,32.36
211,2025-11,2025-11-04,2025-12-11,20.58
212,2025-11,2025-11-09,2025-11-09,8.2
213,2025-11,2025-11-02,2025-11-02,48.63
213,2025-11,2025-11-02,2025-11-05,30.68
213,2025-11,2025-11-02,2025-11-26,25.3
213,2025-11,2025-11-02,2025-12-16,42.52
213,2025-11,2025-11-02,2025-12-18,98.19
214,2025-11,2025-11-18,2025-11-18,35.1
215,2025-11,2025-11-01,2025-11-01,20.24
215,2025-11,2025-11-01,2025-12-25,24.16
216,2025-11,2025-11-29,2025-11-29,31.18
217,2025-11,2025-11-30,2025-11-30,67.99
217,2025-11,2025-11-30,2025-12-02,104.35
218,2025-11,2025-11-15,2025-11-15,17.2
218,2025-11,2025-11-15,2025-11-25,20.57
219,2025-11,2025-11-20,2025-11-20,87.32
219,2025-11,2025-11-20,2025-12-06,36.57
219,2025-11,2025-11-20,2025-12-09,27.52
220,2025-11,2025-11-17,2025-11-17,15.66
221,2025-11,2025-11-07,2025-11-07,27.85
222,2025-11,2025-11-23,2025-11-23,26.61
222,2025-11,2025-11-23,2025-12-01,44.74
222,2025-11,2025-11-23,2025-12-07,34.57
222,2025-11,2025-11-23,2026-01-08,24.16
222,2025-11,2025-11-23,2026-01-09,19.7
222,2025-11,2025-11-23,2026-01-17,27.94
223,2025-11,2025-11-16,2025-11-16,67.76
223,2025-11,2025-11-16,2025-12-02,71.88
224,2025-11,2025-11-08,2025-11-08,45.66
224,2025-11,2025-11-08,2025-11-30,53.26
225,2025-11,2025-11-17,2025-11-17,24.54
225,2025-11,2025-11-17,2025-12-15,29.14
225,2025-11,2025-11-17,2025-12-15,20.09
226,2025-11,2025-11-30,2025-11-30,24.74
227,2025-11,2025-11-09,2025-11-09,30.84
227,2025-11,2025-11-09,2026-01-07,17.19
228,2025-11,2025-11-18,2025-11-18,27.75
229,2025-11,2025-11-29,2025-11-29,28.6
229,2025-11,2025-11-29,2025-12-05,89.09
229,2025-11,2025-11-29,2025-12-25,84.76
229,2025-11,2025-11-29,2026-01-12,82.49
230,2025-11,2025-11-05,2025-11-05,29.43
230,2025-11,2025-11-05,2025-12-18,73.77
231,2025-11,2025-11-04,2025-11-04,64.56
232,2025-11,2025-11-13,2025-11-13,26.46
233,2025-11,2025-11-15,2025-11-15,44.43
233,2025-11,2025-11-15,2025-12-17,25.95
233,2025-11,2025-11-15,2025-12-25,25.6
234,2025-11,2025-11-22,2025-11-22,25.81
235,2025-11,2025-11-08,2025-11-08,12.75
236,2025-11,2025-11-14,2025-11-14,4.6
237,2025-11,2025-11-03,2025-11-03,59.88
237,2025-11,2025-11-03,2025-11-09,58.1
238,2025-11,2025-11-22,2025-11-22,21.13
238,2025-11,2025-11-22,2025-12-01,18.19
239,2025-11,2025-11-26,2025-11-26,19.5
240,2025-11,2025-11-04,2025-11-04,42.16
241,2025-11,2025-11-29,2025-11-29,5.87
241,2025-11,2025-11-29,2025-12-23,5.84
242,2025-11,2025-11-05,2025-11-05,23.13
242,2025-11,2025-11-05,2025-11-27,11.33
243,2025-11,2025-11-21,2025-11-21,13.86
243,2025-11,2025-11-21,2025-12-12,25.76
243,2025-11,2025-11-21,2025-12-25,46.34
243,2025-11,2025-11-21,2026-01-01,22.19
244,2025-11,2025-11-09,2025-11-09,49.91
244,2025-11,2025-11-09,2026-01-12,33.85
244,2025-11,2025-11-09,2026-02-05,39.32
245,2025-11,2025-11-15,2025-11-15,30.43
245,2025-11,2025-11-15,2025-11-18,24.03
245,2025-11,2025-11-15,2025-11-22,24.9
245,2025-11,2025-11-15,2025-12-08,57.59
245,2025-11,2025-11-15,2025-12-27,23.05
246,2025-11,2025-11-29,2025-11-29,8.83
247,2025-11,2025-11-16,2025-11-16,76.87
248,2025-11,2025-11-06,2025-11-06,50.43
249,2025-11,2025-11-22,2025-11-22,43.57
249,2025-11,2025-11-22,2026-01-17,10.36
249,2025-11,2025-11-22,2026-01-26,46.73
249,2025-11,2025-11-22,2026-01-28,25.1
250,2025-11,2025-11-23,2025-11-23,43.19
250,2025-11,2025-11-23,2025-12-06,33.49
250,2025-11,2025-11-23,2025-12-09,36.64
251,2025-12,2025-12-13,2025-12-13,30.96
251,2025-12,2025-12-13,2026-01-22,21.35
252,2025-12,2025-12-14,2025-12-14,13.17
253,2025-12,2025-12-07,2025-12-07,30.29
254,2025-12,2025-12-12,2025-12-12,37.58
255,2025-12,2025-12-11,2025-12-11,20.61
255,2025-12,2025-12-11,2025-12-13,41.79
256,2025-12,2025-12-24,2025-12-24,43.59
257,2025-12,2025-12-12,2025-12-12,61.54
258,2025-12,2025-12-01,2025-12-01,20.88
258,2025-12,2025-12-01,2025-12-11,10.37
258,2025-12,2025-12-01,2025-12-15,52.21
258,2025-12,2025-12-01,2025-12-15,29.51
258,2025-12,2025-12-01,2025-12-18,12.7
258,2025-12,2025-12-01,2025-12-23,27.52
259,2025-12,2025-12-01,2025-12-01,47.32
259,2025-12,2025-12-01,2025-12-11,20.91
259,2025-12,2025-12-01,2025-12-13,35.82
260,2025-12,2025-12-17,2025-12-17,15.42
260,2025-12,2025-12-17,2025-12-26,30.52
260,2025-12,2025-12-17,2026-01-05,40.14
260,2025-12,2025-12-17,2026-02-01,69.79
261,2025-12,2025-12-31,2025-12-31,38.16
262,2025-12,2025-12-03,2025-12-03,28.52
263,2025-12,2025-12-04,2025-12-04,15.54
264,2025-12,2025-12-30,2025-12-30,34.7
264,2025-12,2025-12-30,2026-01-06,55.44
264,2025-12,2025-12-30,2026-01-24,14.48
265,2025-12,2025-12-29,2025-12-29,17.44
265,2025-12,2025-12-29,2025-12-31,28.07
265,2025-12,2025-12-29,2026-01-01,27.29
266,2025-12,2025-12-09,2025-12-09,20.02
267,2025-12,2025-12-09,2025-12-09,39.69
268,2025-12,2025-12-02,2025-12-02,36.41
268,2025-12,2025-12-02,2025-12-30,38.62
268,2025-12,2025-12-02,2026-01-25,18.12
269,2025-12,2025-12-06,2025-12-06,13.96
270,2025-12,2025-12-09,2025-12-09,104.64
270,2025-12,2025-12-09,2026-01-02,84.74
271,2025-12,2025-12-05,2025-12-05,15.79
271,2025-12,2025-12-05,2025-12-31,12.55
272,2025-12,2025-12-14,2025-12-14,24.62
273,2025-12,2025-12-28,2025-12-28,23.74
273,2025-12,2025-12-28,2026-01-26,27.77
273,2025-12,2025-12-28,2026-02-17,45.84
274,2025-12,2025-12-27,2025-12-27,38.17
274,2025-12,2025-12-27,2026-03-05,75.89
275,2025-12,2025-12-13,2025-12-13,10.04
276,2025-12,2025-12-05,2025-12-05,38.31
277,2025-12,2025-12-18,2025-12-18,18.06
277,2025-12,2025-12-18,2026-02-02,10.74
277,2025-12,2025-12-18,2026-02-15,9.77
278,2025-12,2025-12-19,2025-12-19,79.24
278,2025-12,2025-12-19,2026-01-03,51.64
278,2025-12,2025-12-19,2026-02-09,75.41
279,2025-12,2025-12-11,2025-12-11,5.15
279,2025-12,2025-12-11,2025-12-13,18.87
280,2025-12,2025-12-09,2025-12-09,54.56
280,2025-12,2025-12-09,2025-12-10,17.81
280,2025-12,2025-12-09,2026-01-03,42.92
281,2025-12,2025-12-23,2025-12-23,35.04
281,2025-12,2025-12-23,2025-12-28,84.16
282,2025-12,2025-12-14,2025-12-14,34.6
283,2025-12,2025-12-29,2025-12-29,17.54
283,2025-12,2025-12-29,2025-12-31,22.55
283,2025-12,2025-12-29,2026-01-06,7.31
283,2025-12,2025-12-29,2026-01-28,8.84
284,2025-12,2025-12-21,2025-12-21,15.34
284,2025-12,2025-12-21,2025-12-23,15.25
285,2025-12,2025-12-26,2025-12-26,28.21
285,2025-12,2025-12-26,2025-12-28,42.69
285,2025-12,2025-12-26,2026-01-03,30.6
286,2025-12,2025-12-20,2025-12-20,23.6
286,2025-12,2025-12-20,2025-12-27,7.42
286,2025-12,2025-12-20,2026-01-16,16.87
287,2025-12,2025-12-03,2025-12-03,23.77
287,2025-12,2025-12-03,2025-12-03,21.28
287,2025-12,2025-12-03,2025-12-06,17.84
287,2025-12,2025-12-03,2025-12-11,30.13
287,2025-12,2025-12-03,2025-12-13,31.3
287,2025-12,2025-12-03,2025-12-17,23.31
287,2025-12,2025-12-03,2025-12-20,36.39
287,2025-12,2025-12-03,2025-12-30,39.79
288,2025-12,2025-12-14,2025-12-14,66.54
288,2025-12,2025-12-14,2026-01-12,13.42
289,2025-12,2025-12-30,2025-12-30,6.14
289,2025-12,2025-12-30,2026-02-06,11.81
289,2025-12,2025-12-30,2026-02-17,13.66
290,2025-12,2025-12-05,2025-12-05,7.6
290,2025-12,2025-12-05,2026-01-05,15.73
291,2025-12,2025-12-17,2025-12-17,33.3
292,2025-12,2025-12-23,2025-12-23,21.63
293,2025-12,2025-12-08,2025-12-08,25.7
293,2025-12,2025-12-08,2025-12-11,27.08
293,2025-12,2025-12-08,2025-12-13,44.64
294,2025-12,2025-12-09,2025-12-09,32.11
295,2025-12,2025-12-02,2025-12-02,84.71
295,2025-12,2025-12-02,2025-12-07,35.87
295,2025-12,2025-12-02,2025-12-08,28.69
296,2025-12,2025-12-30,2025-12-30,15.98
297,2025-12,2025-12-10,2025-12-10,47.76
298,2025-12,2025-12-21,2025-12-21,93.24
299,2025-12,2025-12-10,2025-12-10,20.18
299,2025-12,2025-12-10,2025-12-26,7.98
300,2025-12,2025-12-25,2025-12-25,10.04
301,2026-01,2026-01-07,2026-01-07,11.92
301,2026-01,2026-01-07,2026-03-17,30.79
302,2026-01,2026-01-15,2026-01-15,16.89
303,2026-01,2026-01-17,2026-01-17,18.4
303,2026-01,2026-01-17,2026-03-09,28.81
304,2026-01,2026-01-06,2026-01-06,53.35
305,2026-01,2026-01-09,2026-01-09,12.12
305,2026-01,2026-01-09,2026-01-09,31.3
305,2026-01,2026-01-09,2026-01-20,22.41
305,2026-01,2026-01-09,2026-02-03,12.2
305,2026-01,2026-01-09,2026-02-08,26.08
305,2026-01,2026-01-09,2026-02-09,40.26
305,2026-01,2026-01-09,2026-02-16,4.66
306,2026-01,2026-01-01,2026-01-01,37.49
306,2026-01,2026-01-01,2026-01-07,42.45
306,2026-01,2026-01-01,2026-01-17,105.9
306,2026-01,2026-01-01,2026-01-18,41.33
306,2026-01,2026-01-01,2026-01-24,30.78
307,2026-01,2026-01-17,2026-01-17,19.01
308,2026-01,2026-01-16,2026-01-16,5.66
308,2026-01,2026-01-16,2026-01-23,60.05
308,2026-01,2026-01-16,2026-02-14,45.04
309,2026-01,2026-01-15,2026-01-15,97.07
309,2026-01,2026-01-15,2026-01-18,89.44
309,2026-01,2026-01-15,2026-02-05,64.16
309,2026-01,2026-01-15,2026-02-10,56.92
310,2026-01,2026-01-21,2026-01-21,5.62
310,2026-01,2026-01-21,2026-02-03,26.66
310,2026-01,2026-01-21,2026-03-13,42.41
311,2026-01,2026-01-16,2026-01-16,64.54
311,2026-01,2026-01-16,2026-01-28,88.86
311,2026-01,2026-01-16,2026-02-01,83.78
311,2026-01,2026-01-16,2026-02-02,62.21
311,2026-01,2026-01-16,2026-02-11,73.97
311,2026-01,2026-01-16,2026-02-13,38.25
312,2026-01,2026-01-10,2026-01-10,30.96
313,2026-01,2026-01-23,2026-01-23,23.48
314,2026-01,2026-01-07,2026-01-07,127.23
315,2026-01,2026-01-08,2026-01-08,50.55
315,2026-01,2026-01-08,2026-01-18,40.53
316,2026-01,2026-01-07,2026-01-07,34.88
317,2026-01,2026-01-27,2026-01-27,24.52
318,2026-01,2026-01-29,2026-01-29,32.14
318,2026-01,2026-01-29,2026-03-22,18.52
319,2026-01,2026-01-24,2026-01-24,10.53
319,2026-01,2026-01-24,2026-01-28,11.57
319,2026-01,2026-01-24,2026-02-13,24.13
320,2026-01,2026-01-13,2026-01-13,48.29
320,2026-01,2026-01-13,2026-01-24,17.49
321,2026-01,2026-01-02,2026-01-02,14.26
321,2026-01,2026-01-02,2026-01-06,37.5
321,2026-01,2026-01-02,2026-01-28,23.08
322,2026-01,2026-01-01,2026-01-01,45.86
322,2026-01,2026-01-01,2026-03-04,13.98
323,2026-01,2026-01-21,2026-01-21,14.74
323,2026-01,2026-01-21,2026-02-13,34.14
323,2026-01,2026-01-21,2026-02-18,13.4
324,2026-01,2026-01-09,2026-01-09,55.09
324,2026-01,2026-01-09,2026-02-21,46.9
325,2026-01,2026-01-06,2026-01-06,65.77
325,2026-01,2026-01-06,2026-01-07,24.6
326,2026-01,2026-01-03,2026-01-03,23.27
327,2026-01,2026-01-22,2026-01-22,14.23
328,2026-01,2026-01-27,2026-01-27,128.83
329,2026-01,2026-01-13,2026-01-13,10.15
329,2026-01,2026-01-13,2026-01-29,7.35
329,2026-01,2026-01-13,2026-02-09,20.62
329,2026-01,2026-01-13,2026-02-21,26.83
329,2026-01,2026-01-13,2026-03-05,10.95
329,2026-01,2026-01-13,2026-03-21,12.68
329,2026-01,2026-01-13,2026-04-02,10.93
330,2026-01,2026-01-23,2026-01-23,39.21
330,2026-01,2026-01-23,2026-01-24,79.42
330,2026-01,2026-01-23,2026-02-01,28.01
331,2026-01,2026-01-15,2026-01-15,33.62
331,2026-01,2026-01-15,2026-01-20,61.33
332,2026-01,2026-01-06,2026-01-06,11.73
333,2026-01,2026-01-09,2026-01-09,4.11
334,2026-01,2026-01-15,2026-01-15,21.15
335,2026-01,2026-01-01,2026-01-01,36.77
335,2026-01,2026-01-01,2026-01-09,71.69
336,2026-01,2026-01-12,2026-01-12,67.58
336,2026-01,2026-01-12,2026-01-22,57.55
336,2026-01,2026-01-12,2026-04-22,63.15
336,2026-01,2026-01-12,2026-04-29,32.75
337,2026-01,2026-01-08,2026-01-08,11.68
338,2026-01,2026-01-02,2026-01-02,44.36
338,2026-01,2026-01-02,2026-01-30,9.69
339,2026-01,2026-01-10,2026-01-10,11.47
339,2026-01,2026-01-10,2026-01-16,8.2
339,2026-01,2026-01-10,2026-01-21,11.2
340,2026-01,2026-01-06,2026-01-06,32.58
341,2026-01,2026-01-01,2026-01-01,96.57
342,2026-01,2026-01-11,2026-01-11,28.6
343,2026-01,2026-01-13,2026-01-13,24.58
344,2026-01,2026-01-03,2026-01-03,42.17
344,2026-01,2026-01-03,2026-01-18,12.41
344,2026-01,2026-01-03,2026-02-10,32.98
345,2026-01,2026-01-17,2026-01-17,31.38
346,2026-01,2026-01-21,2026-01-21,15.48
346,2026-01,2026-01-21,2026-01-27,21.67
346,2026-01,2026-01-21,2026-01-28,11.79
346,2026-01,2026-01-21,2026-02-06,12.31
347,2026-01,2026-01-25,2026-01-25,20.62
348,2026-01,2026-01-01,2026-01-01,30.82
348,2026-01,2026-01-01,2026-01-03,36.62
349,2026-01,2026-01-09,2026-01-09,50.48
349,2026-01,2026-01-09,2026-04-05,34.71
350,2026-01,2026-01-03,2026-01-03,110.17
351,2026-02,2026-02-05,2026-02-05,33.0
351,2026-02,2026-02-05,2026-02-17,53.63
352,2026-02,2026-02-19,2026-02-19,22.54
352,2026-02,2026-02-19,2026-05-21,20.77
353,2026-02,2026-02-13,2026-02-13,22.47
354,2026-02,2026-02-01,2026-02-01,17.9
355,2026-02,2026-02-10,2026-02-10,17.26
356,2026-02,2026-02-10,2026-02-10,63.17
357,2026-02,2026-02-21,2026-02-21,106.88
358,2026-02,2026-02-08,2026-02-08,11.68
358,2026-02,2026-02-08,2026-02-10,26.36
358,2026-02,2026-02-08,2026-02-26,27.25
359,2026-02,2026-02-17,2026-02-17,33.64
359,2026-02,2026-02-17,2026-03-16,29.56
360,2026-02,2026-02-25,2026-02-25,15.26
360,2026-02,2026-02-25,2026-03-01,31.01
361,2026-02,2026-02-22,2026-02-22,5.11
362,2026-02,2026-02-23,2026-02-23,7.12
362,2026-02,2026-02-23,2026-03-20,7.99
362,2026-02,2026-02-23,2026-03-23,12.24
363,2026-02,2026-02-20,2026-02-20,18.24
363,2026-02,2026-02-20,2026-03-04,31.47
364,2026-02,2026-02-25,2026-02-25,21.18
364,2026-02,2026-02-25,2026-03-07,5.83
364,2026-02,2026-02-25,2026-03-12,11.75
364,2026-02,2026-02-25,2026-03-20,14.86
365,2026-02,2026-02-05,2026-02-05,23.94
365,2026-02,2026-02-05,2026-03-16,39.23
365,2026-02,2026-02-05,2026-03-30,41.41
365,2026-02,2026-02-05,2026-04-25,28.61
365,2026-02,2026-02-05,2026-04-26,8.42
366,2026-02,2026-02-05,2026-02-05,57.67
367,2026-02,2026-02-02,2026-02-02,80.89
368,2026-02,2026-02-27,2026-02-27,10.5
368,2026-02,2026-02-27,2026-03-21,11.31
368,2026-02,2026-02-27,2026-03-25,56.54
368,2026-02,2026-02-27,2026-04-26,59.86
369,2026-02,2026-02-17,2026-02-17,16.16
369,2026-02,2026-02-17,2026-03-09,12.48
370,2026-02,2026-02-14,2026-02-14,35.57
371,2026-02,2026-02-24,2026-02-24,64.01
371,2026-02,2026-02-24,2026-03-18,72.95
371,2026-02,2026-02-24,2026-03-21,58.22
372,2026-02,2026-02-17,2026-02-17,15.37
372,2026-02,2026-02-17,2026-02-21,19.9
372,2026-02,2026-02-17,2026-03-05,13.87
372,2026-02,2026-02-17,2026-03-18,13.66
373,2026-02,2026-02-25,2026-02-25,37.5
374,2026-02,2026-02-17,2026-02-17,22.13
375,2026-02,2026-02-19,2026-02-19,42.18
375,2026-02,2026-02-19,2026-03-16,53.96
375,2026-02,2026-02-19,2026-03-17,15.86
375,2026-02,2026-02-19,2026-03-17,65.33
376,2026-02,2026-02-01,2026-02-01,64.18
376,2026-02,2026-02-01,2026-02-27,23.75
377,2026-02,2026-02-22,2026-02-22,40.08
377,2026-02,2026-02-22,2026-03-12,44.03
377,2026-02,2026-02-22,2026-03-15,32.57
377,2026-02,2026-02-22,2026-03-16,13.14
377,2026-02,2026-02-22,2026-03-19,17.08
377,2026-02,2026-02-22,2026-03-22,33.26
378,2026-02,2026-02-23,2026-02-23,46.57
378,2026-02,2026-02-23,2026-03-15,116.88
379,2026-02,2026-02-08,2026-02-08,31.06
380,2026-02,2026-02-03,2026-02-03,23.11
380,2026-02,2026-02-03,2026-02-03,20.61
380,2026-02,2026-02-03,2026-02-04,38.63
381,2026-02,2026-02-05,2026-02-05,60.93
381,2026-02,2026-02-05,2026-02-25,89.72
382,2026-02,2026-02-12,2026-02-12,91.73
383,2026-02,2026-02-04,2026-02-04,36.11
383,2026-02,2026-02-04,2026-04-17,38.96
384,2026-02,2026-02-27,2026-02-27,58.48
384,2026-02,2026-02-27,2026-04-12,77.8
385,2026-02,2026-02-18,2026-02-18,69.87
386,2026-02,2026-02-02,2026-02-02,13.99
387,2026-02,2026-02-21,2026-02-21,37.38
388,2026-02,2026-02-01,2026-02-01,82.62
388,2026-02,2026-02-01,2026-02-21,127.86
388,2026-02,2026-02-01,2026-03-20,41.98
388,2026-02,2026-02-01,2026-03-24,36.01
389,2026-02,2026-02-08,2026-02-08,23.32
389,2026-02,2026-02-08,2026-02-08,14.27
389,2026-02,2026-02-08,2026-02-16,16.27
389,2026-02,2026-02-08,2026-02-23,13.26
390,2026-02,2026-02-15,2026-02-15,7.48
391,2026-02,2026-02-26,2026-02-26,18.07
392,2026-02,2026-02-03,2026-02-03,34.25
393,2026-02,2026-02-24,2026-02-24,190.59
394,2026-02,2026-02-17,2026-02-17,55.64
394,2026-02,2026-02-17,2026-03-17,40.51
395,2026-02,2026-02-18,2026-02-18,16.68
396,2026-02,2026-02-03,2026-02-03,10.23
396,2026-02,2026-02-03,2026-02-24,5.63
397,2026-02,2026-02-17,2026-02-17,20.66
397,2026-02,2026-02-17,2026-02-19,26.76
397,2026-02,2026-02-17,2026-03-12,32.63
397,2026-02,2026-02-17,2026-04-11,25.51
398,2026-02,2026-02-16,2026-02-16,19.52
399,2026-02,2026-02-09,2026-02-09,53.22
399,2026-02,2026-02-09,2026-02-11,18.25
399,2026-02,2026-02-09,2026-03-06,14.59
399,2026-02,2026-02-09,2026-03-08,9.39
400,2026-02,2026-02-09,2026-02-09,98.69
401,2026-03,2026-03-08,2026-03-08,19.06
402,2026-03,2026-03-24,2026-03-24,31.5
402,2026-03,2026-03-24,2026-04-29,40.87
402,2026-03,2026-03-24,2026-04-30,16.61
402,2026-03,2026-03-24,2026-05-16,18.93
402,2026-03,2026-03-24,2026-05-17,42.47
402,2026-03,2026-03-24,2026-06-06,20.35
402,2026-03,2026-03-24,2026-06-07,21.1
402,2026-03,2026-03-24,2026-06-12,51.81
403,2026-03,2026-03-28,2026-03-28,72.43
404,2026-03,2026-03-13,2026-03-13,11.59
404,2026-03,2026-03-13,2026-03-15,29.66
405,2026-03,2026-03-16,2026-03-16,100.12
405,2026-03,2026-03-16,2026-04-14,95.18
405,2026-03,2026-03-16,2026-04-24,140.82
405,2026-03,2026-03-16,2026-05-06,84.75
406,2026-03,2026-03-25,2026-03-25,22.62
407,2026-03,2026-03-02,2026-03-02,6.15
408,2026-03,2026-03-20,2026-03-20,28.04
409,2026-03,2026-03-21,2026-03-21,23.85
410,2026-03,2026-03-21,2026-03-21,40.26
410,2026-03,2026-03-21,2026-03-27,30.89
410,2026-03,2026-03-21,2026-04-22,39.36
410,2026-03,2026-03-21,2026-05-09,26.43
411,2026-03,2026-03-05,2026-03-05,37.12
411,2026-03,2026-03-05,2026-03-15,24.09
412,2026-03,2026-03-09,2026-03-09,24.51
412,2026-03,2026-03-09,2026-04-28,48.8
412,2026-03,2026-03-09,2026-05-01,17.88
413,2026-03,2026-03-23,2026-03-23,39.29
413,2026-03,2026-03-23,2026-04-01,45.23
414,2026-03,2026-03-20,2026-03-20,67.26
415,2026-03,2026-03-19,2026-03-19,50.29
415,2026-03,2026-03-19,2026-03-23,97.41
415,2026-03,2026-03-19,2026-04-18,39.44
416,2026-03,2026-03-16,2026-03-16,39.78
416,2026-03,2026-03-16,2026-03-17,64.14
417,2026-03,2026-03-16,2026-03-16,30.1
417,2026-03,2026-03-16,2026-03-24,19.11
417,2026-03,2026-03-16,2026-04-06,32.65
418,2026-03,2026-03-04,2026-03-04,20.03
419,2026-03,2026-03-23,2026-03-23,28.57
420,2026-03,2026-03-07,2026-03-07,16.21
420,2026-03,2026-03-07,2026-03-22,20.51
420,2026-03,2026-03-07,2026-03-28,22.21
421,2026-03,2026-03-10,2026-03-10,17.27
422,2026-03,2026-03-23,2026-03-23,38.13
423,2026-03,2026-03-17,2026-03-17,29.73
423,2026-03,2026-03-17,2026-03-26,36.26
423,2026-03,2026-03-17,2026-03-31,35.19
423,2026-03,2026-03-17,2026-03-31,39.73
423,2026-03,2026-03-17,2026-03-31,30.63
424,2026-03,2026-03-25,2026-03-25,35.85
424,2026-03,2026-03-25,2026-03-28,73.72
424,2026-03,2026-03-25,2026-03-31,20.73
424,2026-03,2026-03-25,2026-04-11,67.07
424,2026-03,2026-03-25,2026-04-22,16.37
425,2026-03,2026-03-10,2026-03-10,54.05
425,2026-03,2026-03-10,2026-04-11,46.19
426,2026-03,2026-03-30,2026-03-30,39.96
427,2026-03,2026-03-16,2026-03-16,87.94
427,2026-03,2026-03-16,2026-03-16,82.78
428,2026-03,2026-03-10,2026-03-10,27.0
428,2026-03,2026-03-10,2026-03-12,17.62
428,2026-03,2026-03-10,2026-03-24,35.09
428,2026-03,2026-03-10,2026-04-05,51.78
429,2026-03,2026-03-17,2026-03-17,12.45
430,2026-03,2026-03-31,2026-03-31,12.36
430,2026-03,2026-03-31,2026-05-14,12.36
431,2026-03,2026-03-09,2026-03-09,12.5
431,2026-03,2026-03-09,2026-03-21,13.98
432,2026-03,2026-03-07,2026-03-07,10.36
432,2026-03,2026-03-07,2026-04-05,47.61
432,2026-03,2026-03-07,2026-04-08,10.35
432,2026-03,2026-03-07,2026-04-12,34.09
432,2026-03,2026-03-07,2026-05-05,17.87
433,2026-03,2026-03-19,2026-03-19,30.35
433,2026-03,2026-03-19,2026-03-21,21.17
433,2026-03,2026-03-19,2026-03-23,31.36
433,2026-03,2026-03-19,2026-05-04,43.56
433,2026-03,2026-03-19,2026-05-11,24.99
434,2026-03,2026-03-09,2026-03-09,17.71
434,2026-03,2026-03-09,2026-03-20,17.69
435,2026-03,2026-03-05,2026-03-05,22.84
435,2026-03,2026-03-05,2026-03-13,15.56
435,2026-03,2026-03-05,2026-03-21,24.29
435,2026-03,2026-03-05,2026-03-24,11.29
435,2026-03,2026-03-05,2026-03-25,29.26
435,2026-03,2026-03-05,2026-03-31,31.1
436,2026-03,2026-03-29,2026-03-29,7.74
436,2026-03,2026-03-29,2026-05-01,9.57
437,2026-03,2026-03-23,2026-03-23,41.94
437,2026-03,2026-03-23,2026-03-30,19.79
437,2026-03,2026-03-23,2026-04-03,27.19
437,2026-03,2026-03-23,2026-04-07,18.8
437,2026-03,2026-03-23,2026-04-20,32.56
437,2026-03,2026-03-23,2026-04-20,20.08
438,2026-03,2026-03-16,2026-03-16,20.36
439,2026-03,2026-03-13,2026-03-13,55.23
439,2026-03,2026-03-13,2026-04-12,31.81
440,2026-03,2026-03-06,2026-03-06,22.72
440,2026-03,2026-03-06,2026-03-06,16.65
440,2026-03,2026-03-06,2026-03-21,8.0
440,2026-03,2026-03-06,2026-04-26,13.39
441,2026-03,2026-03-15,2026-03-15,109.7
442,2026-03,2026-03-13,2026-03-13,14.86
442,2026-03,2026-03-13,2026-03-22,18.02
443,2026-03,2026-03-24,2026-03-24,63.24
444,2026-03,2026-03-05,2026-03-05,109.18
444,2026-03,2026-03-05,2026-03-16,75.1
444,2026-03,2026-03-05,2026-03-18,29.92
445,2026-03,2026-03-13,2026-03-13,78.47
446,2026-03,2026-03-11,2026-03-11,56.95
446,2026-03,2026-03-11,2026-03-14,99.83
447,2026-03,2026-03-27,2026-03-27,12.96
448,2026-03,2026-03-11,2026-03-11,13.95
449,2026-03,2026-03-01,2026-03-01,51.56
449,2026-03,2026-03-01,2026-04-10,30.68
450,2026-03,2026-03-25,2026-03-25,21.89
450,2026-03,2026-03-25,2026-04-04,31.53
451,2026-04,2026-04-27,2026-04-27,30.3
451,2026-04,2026-04-27,2026-05-09,16.14
452,2026-04,2026-04-04,2026-04-04,16.15
453,2026-04,2026-04-30,2026-04-30,76.39
454,2026-04,2026-04-07,2026-04-07,31.49
454,2026-04,2026-04-07,2026-04-29,53.76
454,2026-04,2026-04-07,2026-05-07,12.8
454,2026-04,2026-04-07,2026-06-04,49.54
455,2026-04,2026-04-24,2026-04-24,57.13
455,2026-04,2026-04-24,2026-04-26,78.25
455,2026-04,2026-04-24,2026-05-02,88.55
455,2026-04,2026-04-24,2026-05-03,94.54
455,2026-04,2026-04-24,2026-05-05,91.91
455,2026-04,2026-04-24,2026-05-06,82.41
455,2026-04,2026-04-24,2026-06-05,43.66
455,2026-04,2026-04-24,2026-06-11,52.63
455,2026-04,2026-04-24,2026-06-20,24.21
456,2026-04,2026-04-03,2026-04-03,94.53
457,2026-04,2026-04-12,2026-04-12,21.13
458,2026-04,2026-04-30,2026-04-30,40.61
458,2026-04,2026-04-30,2026-06-12,19.97
458,2026-04,2026-04-30,2026-06-23,15.94
459,2026-04,2026-04-09,2026-04-09,18.99
459,2026-04,2026-04-09,2026-05-06,6.99
460,2026-04,2026-04-02,2026-04-02,22.18
461,2026-04,2026-04-09,2026-04-09,16.5
461,2026-04,2026-04-09,2026-04-10,12.66
461,2026-04,2026-04-09,2026-04-12,7.06
462,2026-04,2026-04-27,2026-04-27,32.04
462,2026-04,2026-04-27,2026-05-18,18.59
463,2026-04,2026-04-10,2026-04-10,10.02
463,2026-04,2026-04-10,2026-04-30,25.82
463,2026-04,2026-04-10,2026-06-08,9.42
464,2026-04,2026-04-05,2026-04-05,53.27
464,2026-04,2026-04-05,2026-04-12,54.38
465,2026-04,2026-04-09,2026-04-09,11.53
466,2026-04,2026-04-14,2026-04-14,49.61
466,2026-04,2026-04-14,2026-04-30,24.33
467,2026-04,2026-04-11,2026-04-11,24.37
467,2026-04,2026-04-11,2026-04-17,16.61
467,2026-04,2026-04-11,2026-05-22,27.29
467,2026-04,2026-04-11,2026-06-04,33.21
468,2026-04,2026-04-26,2026-04-26,18.24
469,2026-04,2026-04-14,2026-04-14,63.94
469,2026-04,2026-04-14,2026-05-12,10.4
470,2026-04,2026-04-01,2026-04-01,9.83
470,2026-04,2026-04-01,2026-04-26,12.69
471,2026-04,2026-04-25,2026-04-25,19.42
472,2026-04,2026-04-21,2026-04-21,34.02
473,2026-04,2026-04-13,2026-04-13,17.9
473,2026-04,2026-04-13,2026-05-11,36.27
473,2026-04,2026-04-13,2026-05-12,22.64
474,2026-04,2026-04-18,2026-04-18,74.86
474,2026-04,2026-04-18,2026-05-05,43.84
475,2026-04,2026-04-07,2026-04-07,15.84
475,2026-04,2026-04-07,2026-04-09,23.84
475,2026-04,2026-04-07,2026-04-30,25.46
475,2026-04,2026-04-07,2026-05-08,22.08
475,2026-04,2026-04-07,2026-06-05,17.9
476,2026-04,2026-04-24,2026-04-24,22.98
477,2026-04,2026-04-14,2026-04-14,65.42
477,2026-04,2026-04-14,2026-04-28,65.23
477,2026-04,2026-04-14,2026-05-03,30.69
477,2026-04,2026-04-14,2026-05-08,62.05
478,2026-04,2026-04-05,2026-04-05,37.89
478,2026-04,2026-04-05,2026-04-25,18.27
479,2026-04,2026-04-28,2026-04-28,60.03
479,2026-04,2026-04-28,2026-04-29,71.81
479,2026-04,2026-04-28,2026-05-07,84.12
479,2026-04,2026-04-28,2026-05-13,85.55
480,2026-04,2026-04-30,2026-04-30,38.38
481,2026-04,2026-04-30,2026-04-30,10.69
481,2026-04,2026-04-30,2026-05-04,17.56
481,2026-04,2026-04-30,2026-05-17,11.23
481,2026-04,2026-04-30,2026-06-04,7.99
482,2026-04,2026-04-16,2026-04-16,31.58
482,2026-04,2026-04-16,2026-04-29,18.63
483,2026-04,2026-04-11,2026-04-11,59.17
484,2026-04,2026-04-10,2026-04-10,29.64
484,2026-04,2026-04-10,2026-04-18,13.24
484,2026-04,2026-04-10,2026-04-19,20.61
484,2026-04,2026-04-10,2026-06-02,27.64
485,2026-04,2026-04-24,2026-04-24,79.08
486,2026-04,2026-04-21,2026-04-21,21.18
487,2026-04,2026-04-09,2026-04-09,44.64
488,2026-04,2026-04-13,2026-04-13,48.42
489,2026-04,2026-04-21,2026-04-21,44.72
490,2026-04,2026-04-08,2026-04-08,29.96
490,2026-04,2026-04-08,2026-04-17,15.86
490,2026-04,2026-04-08,2026-04-23,34.14
490,2026-04,2026-04-08,2026-04-25,57.41
490,2026-04,2026-04-08,2026-05-10,32.13
490,2026-04,2026-04-08,2026-05-11,27.13
490,2026-04,2026-04-08,2026-05-13,45.15
490,2026-04,2026-04-08,2026-05-13,55.87
490,2026-04,2026-04-08,2026-05-14,35.9
490,2026-04,2026-04-08,2026-05-20,31.27
490,2026-04,2026-04-08,2026-05-28,56.53
490,2026-04,2026-04-08,2026-05-29,40.77
491,2026-04,2026-04-17,2026-04-17,12.84
491,2026-04,2026-04-17,2026-05-15,28.08
492,2026-04,2026-04-26,2026-04-26,41.51
493,2026-04,2026-04-16,2026-04-16,72.07
494,2026-04,2026-04-18,2026-04-18,160.96
495,2026-04,2026-04-08,2026-04-08,17.71
496,2026-04,2026-04-15,2026-04-15,24.85
496,2026-04,2026-04-15,2026-04-25,44.99
496,2026-04,2026-04-15,2026-05-14,57.62
497,2026-04,2026-04-25,2026-04-25,49.93
498,2026-04,2026-04-15,2026-04-15,37.03
498,2026-04,2026-04-15,2026-04-17,31.81
498,2026-04,2026-04-15,2026-04-19,50.82
498,2026-04,2026-04-15,2026-04-21,28.65
498,2026-04,2026-04-15,2026-04-22,55.78
498,2026-04,2026-04-15,2026-04-28,26.76
498,2026-04,2026-04-15,2026-05-02,21.42
499,2026-04,2026-04-06,2026-04-06,28.37
499,2026-04,2026-04-06,2026-04-08,12.63
499,2026-04,2026-04-06,2026-04-16,23.26
499,2026-04,2026-04-06,2026-04-23,5.55
500,2026-04,2026-04-11,2026-04-11,90.06
500,2026-04,2026-04-11,2026-04-18,103.09
501,2026-05,2026-05-12,2026-05-12,57.35
501,2026-05,2026-05-12,2026-05-20,36.1
502,2026-05,2026-05-26,2026-05-26,25.98
503,2026-05,2026-05-19,2026-05-19,6.56
503,2026-05,2026-05-19,2026-05-25,11.71
503,2026-05,2026-05-19,2026-06-16,5.55
504,2026-05,2026-05-01,2026-05-01,31.03
504,2026-05,2026-05-01,2026-05-24,24.47
505,2026-05,2026-05-28,2026-05-28,23.16
506,2026-05,2026-05-14,2026-05-14,16.05
507,2026-05,2026-05-13,2026-05-13,24.55
508,2026-05,2026-05-14,2026-05-14,29.14
508,2026-05,2026-05-14,2026-05-20,54.98
508,2026-05,2026-05-14,2026-05-30,55.71
508,2026-05,2026-05-14,2026-06-06,76.38
509,2026-05,2026-05-13,2026-05-13,27.47
509,2026-05,2026-05-13,2026-05-21,62.62
510,2026-05,2026-05-11,2026-05-11,56.12
510,2026-05,2026-05-11,2026-06-04,46.26
511,2026-05,2026-05-02,2026-05-02,15.01
512,2026-05,2026-05-16,2026-05-16,15.92
513,2026-05,2026-05-09,2026-05-09,169.4
514,2026-05,2026-05-19,2026-05-19,29.76
514,2026-05,2026-05-19,2026-05-23,19.19
514,2026-05,2026-05-19,2026-05-30,19.31
515,2026-05,2026-05-22,2026-05-22,25.8
516,2026-05,2026-05-17,2026-05-17,25.7
517,2026-05,2026-05-17,2026-05-17,102.57
517,2026-05,2026-05-17,2026-06-06,35.21
518,2026-05,2026-05-26,2026-05-26,17.87
519,2026-05,2026-05-28,2026-05-28,18.11
520,2026-05,2026-05-28,2026-05-28,103.75
521,2026-05,2026-05-07,2026-05-07,77.27
521,2026-05,2026-05-07,2026-05-09,168.66
522,2026-05,2026-05-09,2026-05-09,22.61
522,2026-05,2026-05-09,2026-06-06,20.38
523,2026-05,2026-05-08,2026-05-08,23.5
523,2026-05,2026-05-08,2026-05-20,28.88
523,2026-05,2026-05-08,2026-05-20,48.59
524,2026-05,2026-05-21,2026-05-21,46.02
524,2026-05,2026-05-21,2026-06-03,27.05
524,2026-05,2026-05-21,2026-06-04,9.02
525,2026-05,2026-05-31,2026-05-31,30.51
525,2026-05,2026-05-31,2026-06-09,33.71
525,2026-05,2026-05-31,2026-06-27,54.95
526,2026-05,2026-05-27,2026-05-27,39.64
526,2026-05,2026-05-27,2026-05-27,49.1
526,2026-05,2026-05-27,2026-06-23,23.77
527,2026-05,2026-05-05,2026-05-05,32.28
528,2026-05,2026-05-02,2026-05-02,38.61
528,2026-05,2026-05-02,2026-05-15,91.08
528,2026-05,2026-05-02,2026-05-24,58.01
529,2026-05,2026-05-25,2026-05-25,32.48
530,2026-05,2026-05-29,2026-05-29,89.97
530,2026-05,2026-05-29,2026-06-23,82.45
531,2026-05,2026-05-16,2026-05-16,13.69
531,2026-05,2026-05-16,2026-06-03,15.0
532,2026-05,2026-05-16,2026-05-16,129.4
533,2026-05,2026-05-01,2026-05-01,21.33
534,2026-05,2026-05-03,2026-05-03,21.68
535,2026-05,2026-05-13,2026-05-13,67.34
535,2026-05,2026-05-13,2026-06-11,31.91
536,2026-05,2026-05-30,2026-05-30,10.73
537,2026-05,2026-05-30,2026-05-30,19.56
538,2026-05,2026-05-27,2026-05-27,49.34
538,2026-05,2026-05-27,2026-06-12,59.6
539,2026-05,2026-05-28,2026-05-28,23.28
539,2026-05,2026-05-28,2026-06-11,26.04
539,2026-05,2026-05-28,2026-06-11,11.36
540,2026-05,2026-05-08,2026-05-08,50.07
540,2026-05,2026-05-08,2026-06-02,25.51
541,2026-05,2026-05-04,2026-05-04,44.65
541,2026-05,2026-05-04,2026-05-11,38.08
542,2026-05,2026-05-05,2026-05-05,52.61
543,2026-05,2026-05-05,2026-05-05,44.3
543,2026-05,2026-05-05,2026-05-21,100.3
544,2026-05,2026-05-22,2026-05-22,16.98
544,2026-05,2026-05-22,2026-05-25,29.77
544,2026-05,2026-05-22,2026-06-14,16.69
544,2026-05,2026-05-22,2026-06-17,5.02
545,2026-05,2026-05-23,2026-05-23,17.48
545,2026-05,2026-05-23,2026-06-12,14.29
546,2026-05,2026-05-28,2026-05-28,21.28
546,2026-05,2026-05-28,2026-06-21,16.71
547,2026-05,2026-05-29,2026-05-29,5.53
548,2026-05,2026-05-15,2026-05-15,22.87
548,2026-05,2026-05-15,2026-05-17,23.7
549,2026-05,2026-05-18,2026-05-18,55.22
549,2026-05,2026-05-18,2026-06-11,43.03
550,2026-05,2026-05-02,2026-05-02,33.53
551,2026-06,2026-06-01,2026-06-01,30.26
552,2026-06,2026-06-26,2026-06-26,45.72
553,2026-06,2026-06-05,2026-06-05,10.91
554,2026-06,2026-06-08,2026-06-08,16.48
555,2026-06,2026-06-19,2026-06-19,32.51
556,2026-06,2026-06-30,2026-06-30,44.26
557,2026-06,2026-06-02,2026-06-02,64.38
558,2026-06,2026-06-21,2026-06-21,14.66
559,2026-06,2026-06-23,2026-06-23,11.92
560,2026-06,2026-06-10,2026-06-10,13.39
561,2026-06,2026-06-05,2026-06-05,51.61
562,2026-06,2026-06-21,2026-06-21,13.0
563,2026-06,2026-06-09,2026-06-09,70.13
564,2026-06,2026-06-17,2026-06-17,45.07
565,2026-06,2026-06-21,2026-06-21,18.24
566,2026-06,2026-06-14,2026-06-14,17.68
567,2026-06,2026-06-23,2026-06-23,29.87
568,2026-06,2026-06-25,2026-06-25,17.79
569,2026-06,2026-06-04,2026-06-04,42.25
570,2026-06,2026-06-04,2026-06-04,44.01
571,2026-06,2026-06-03,2026-06-03,38.29
572,2026-06,2026-06-10,2026-06-10,12.45
573,2026-06,2026-06-17,2026-06-17,44.94
574,2026-06,2026-06-19,2026-06-19,12.25
575,2026-06,2026-06-07,2026-06-07,12.07
576,2026-06,2026-06-13,2026-06-13,11.79
577,2026-06,2026-06-09,2026-06-09,75.52
578,2026-06,2026-06-08,2026-06-08,9.06
579,2026-06,2026-06-26,2026-06-26,14.21
580,2026-06,2026-06-20,2026-06-20,23.41
581,2026-06,2026-06-01,2026-06-01,9.2
582,2026-06,2026-06-01,2026-06-01,12.3
583,2026-06,2026-06-18,2026-06-18,23.54
584,2026-06,2026-06-10,2026-06-10,19.63
585,2026-06,2026-06-15,2026-06-15,63.99
586,2026-06,2026-06-09,2026-06-09,14.24
587,2026-06,2026-06-11,2026-06-11,81.33
588,2026-06,2026-06-21,2026-06-21,20.9
589,2026-06,2026-06-27,2026-06-27,18.39
590,2026-06,2026-06-29,2026-06-29,5.95
591,2026-06,2026-06-08,2026-06-08,24.97
592,2026-06,2026-06-16,2026-06-16,24.18
593,2026-06,2026-06-17,2026-06-17,28.15
594,2026-06,2026-06-08,2026-06-08,14.52
595,2026-06,2026-06-18,2026-06-18,53.16
596,2026-06,2026-06-08,2026-06-08,45.53
597,2026-06,2026-06-01,2026-06-01,24.33
598,2026-06,2026-06-14,2026-06-14,1.98
599,2026-06,2026-06-23,2026-06-23,44.44
600,2026-06,2026-06-21,2026-06-21,28.68
